Window,OrderUpTo,ServiceLevel,Objective
1,0.0,0.5522143247676325,7.475679e6
2,0.0,0.0,7.453485e6
3,0.0,0.0,7.379094e6
4,0.0,0.0,7.458417e6
5,0.0,0.0,7.437867e6
6,0.0,0.0,7.087284e6
7,0.0,0.0,3.396093e6
