Window,OrderUpTo,ServiceLevel,Objective
1,147.0,99.3329688354292,7.635894e6
2,144.0,99.99448580093741,7.460452e6
3,149.0,99.96658126322825,7.392482e6
4,155.0,100.0,7.47063e6
5,155.0,99.99447422224678,7.448082e6
6,151.0,99.97100440733008,7.09764e6
7,137.0,99.83057001089193,3.400188e6
