Window,OrderUpTo,ServiceLevel,Objective
1,154.0,100.0,7.52785e6
2,145.0,100.0,7.45776e6
3,155.0,100.0,7.39314e6
4,155.0,100.0,7.46817e6
5,156.0,100.0,7.44826e6
6,156.0,100.0,7.09812e6
7,151.0,100.0,3.39937e6
