Window,OrderUpTo,ServiceLevel,Objective
1,154.0,99.36577364680153,7.61092e6
2,144.0,99.99448580093741,7.457582e6
3,149.0,99.96658126322825,7.392482e6
4,155.0,100.0,7.47063e6
5,155.0,99.99447422224678,7.448082e6
6,147.0,99.2925075388541,7.143484e6
7,137.0,99.83057001089193,3.401828e6
8,144.0,99.95296331138287,3.504118e6
