Window,OrderUpTo,ServiceLevel,Objective
1,155.0,99.94724409448818,7.440480654e6
2,154.0,99.95975442306782,7.422309683725814e6
3,151.0,99.95539696699376,7.220957480800001e6
4,149.0,99.96965944780194,7.1419996984e6
5,150.0,99.89239656316241,7.2441991984e6
6,158.0,99.95506952189157,7.303976943466665e6
7,159.0,99.94493084431392,7.339474592799999e6
8,160.0,99.94845687823135,7.38736892e6
